﻿{"cameraMode":{"drawMode":0,"name":"Shaded","section":"Shading Mode"},"sceneLighting":true,"audioPlay":false,"sceneViewState":{"m_AlwaysRefresh":false,"showFog":true,"showSkybox":true,"showFlares":true,"showImageEffects":true,"showParticleSystems":true,"showVisualEffectGraphs":true,"m_FxEnabled":true},"in2DMode":false,"pivot":{"x":7.404557704925537,"y":-5.8114399909973148,"z":24.27395248413086},"rotation":{"x":-0.1280464380979538,"y":-0.08015238493680954,"z":0.010407727211713791,"w":-0.9885877966880798},"size":16.22852897644043,"orthographic":false}